srcStateName,srcYear,YearCode,Country,StateCode,Year,StateName,TotalPopulation,TotalPopulationUrban,TotalPopulationRural,TotalPopulationMale,TotalPopulationMaleUrban,TotalPopulationMaleRural,TotalPopulationFemale,TotalPopulationFemaleUrban,TotalPopulationFemaleRural,NumberOfHouseholds,NumberOfHouseholdsUrban,NumberOfHouseholdsRural,LandAreaUrban,LandAreaRural,LandArea,LandAreaMappingError%,LandAreaUrbanMappingError%,LandAreaRuralMappingError%,TotalPopulationMappingError%,TotalPopulationUrbanMappingError%,TotalPopulationRuralMappingError%,TotalPopulationMaleMappingError%,TotalPopulationMaleUrbanMappingError%,TotalPopulationMaleRuralMappingError%,TotalPopulationFeMaleMappingError%,TotalPopulationFeMaleUrbanMappingError%,TotalPopulationFeMaleRuralMappingError%,NumberOfHouseholdsMappingError%,NumberOfHouseholdsUrbanMappingError%,NumberOfHouseholdsRuralMappingError%,NumberOfChildren,NumberOfParents,WeighingRatio_TotalPopulation,WeighingRatio_Percentage_TotalPopulation,WeighingRatio_TotalPopulationUrban,WeighingRatio_Percentage_TotalPopulationUrban,WeighingRatio_TotalPopulationRural,WeighingRatio_Percentage_TotalPopulationRural,WeighingRatio_TotalPopulationMale,WeighingRatio_Percentage_TotalPopulationMale,WeighingRatio_TotalPopulationMaleUrban,WeighingRatio_Percentage_TotalPopulationMaleUrban,WeighingRatio_TotalPopulationMaleRural,WeighingRatio_Percentage_TotalPopulationMaleRural,WeighingRatio_TotalPopulationFemale,WeighingRatio_Percentage_TotalPopulationFemale,WeighingRatio_TotalPopulationFemaleUrban,WeighingRatio_Percentage_TotalPopulationFemaleUrban,WeighingRatio_TotalPopulationFemaleRural,WeighingRatio_Percentage_TotalPopulationFemaleRural,WeighingRatio_NumberOfHouseholds,WeighingRatio_Percentage_NumberOfHouseholds,WeighingRatio_NumberOfHouseholdsUrban,WeighingRatio_Percentage_NumberOfHouseholdsUrban,WeighingRatio_NumberOfHouseholdsRural,WeighingRatio_Percentage_NumberOfHouseholdsRural,WeighingRatio_LandAreaUrban,WeighingRatio_Percentage_LandAreaUrban,WeighingRatio_LandAreaRural,WeighingRatio_Percentage_LandAreaRural,WeighingRatio_LandArea,WeighingRatio_Percentage_LandArea
Jammu & Kashmir,2015-16,2015,India,1,"Financial Year (Apr - Mar), 2015",JAMMU AND KASHMIR,12267013,3371233,8895780,6483906,1825543,4658363,5783107,1545690,4237417,2079471,557090,1522381,121337,2.2141e+06,2335435.25,0,0,0,0.000000000000000000000000,0.000000000000000000000000,0.000000000000000000000000,0.000000000000000000000000,0.000000000000000000000000,0.000000000000000000000000,0.000000000000000000000000,0.000000000000000000000000,0.000000000000000000000000,0.000000000000000000000000,0.000000000000000000000000,0.000000000000000000000000,2,1,0.97812914480490143687,1,0.98193864574649849909,1,0.97669317066422487335,1,0.97639452211240385371,1,0.97822188046737059831,1,0.97568026822623713550,1,0.98008131321348192738,1,0.98636488653571631408,1,0.97780912468966211101,1,0.98101304041386637279,1,0.98376259304060676161,1,0.98001072463376276930,1,0.978903123789854,1,0.975481728055946,1,0.975658896767294,1
Jammu & Kashmir,2016-17,2016,India,1,"Financial Year (Apr - Mar), 2016",JAMMU AND KASHMIR,12267013,3371233,8895780,6483906,1825543,4658363,5783107,1545690,4237417,2079471,557090,1522381,121337,2.2141e+06,2335435.25,0,0,0,0.000000000000000000000000,0.000000000000000000000000,0.000000000000000000000000,0.000000000000000000000000,0.000000000000000000000000,0.000000000000000000000000,0.000000000000000000000000,0.000000000000000000000000,0.000000000000000000000000,0.000000000000000000000000,0.000000000000000000000000,0.000000000000000000000000,2,1,0.97812914480490143687,1,0.98193864574649849909,1,0.97669317066422487335,1,0.97639452211240385371,1,0.97822188046737059831,1,0.97568026822623713550,1,0.98008131321348192738,1,0.98636488653571631408,1,0.97780912468966211101,1,0.98101304041386637279,1,0.98376259304060676161,1,0.98001072463376276930,1,0.978903123789854,1,0.975481728055946,1,0.975658896767294,1
Jammu & Kashmir,2017-18,2017,India,1,"Financial Year (Apr - Mar), 2017",JAMMU AND KASHMIR,12267013,3371233,8895780,6483906,1825543,4658363,5783107,1545690,4237417,2079471,557090,1522381,121337,2.2141e+06,2335435.25,0,0,0,0.000000000000000000000000,0.000000000000000000000000,0.000000000000000000000000,0.000000000000000000000000,0.000000000000000000000000,0.000000000000000000000000,0.000000000000000000000000,0.000000000000000000000000,0.000000000000000000000000,0.000000000000000000000000,0.000000000000000000000000,0.000000000000000000000000,2,1,0.97812914480490143687,1,0.98193864574649849909,1,0.97669317066422487335,1,0.97639452211240385371,1,0.97822188046737059831,1,0.97568026822623713550,1,0.98008131321348192738,1,0.98636488653571631408,1,0.97780912468966211101,1,0.98101304041386637279,1,0.98376259304060676161,1,0.98001072463376276930,1,0.978903123789854,1,0.975481728055946,1,0.975658896767294,1
Jammu & Kashmir,2018-19,2018,India,1,"Financial Year (Apr - Mar), 2018",JAMMU AND KASHMIR,12267013,3371233,8895780,6483906,1825543,4658363,5783107,1545690,4237417,2079471,557090,1522381,121337,2.2141e+06,2335435.25,0,0,0,0.000000000000000000000000,0.000000000000000000000000,0.000000000000000000000000,0.000000000000000000000000,0.000000000000000000000000,0.000000000000000000000000,0.000000000000000000000000,0.000000000000000000000000,0.000000000000000000000000,0.000000000000000000000000,0.000000000000000000000000,0.000000000000000000000000,2,1,0.97812914480490143687,1,0.98193864574649849909,1,0.97669317066422487335,1,0.97639452211240385371,1,0.97822188046737059831,1,0.97568026822623713550,1,0.98008131321348192738,1,0.98636488653571631408,1,0.97780912468966211101,1,0.98101304041386637279,1,0.98376259304060676161,1,0.98001072463376276930,1,0.978903123789854,1,0.975481728055946,1,0.975658896767294,1
Jammu & Kashmir,2019-20,2019,India,1,"Financial Year (Apr - Mar), 2019",JAMMU AND KASHMIR,12267013,3371233,8895780,6483906,1825543,4658363,5783107,1545690,4237417,2079471,557090,1522381,121337,2.2141e+06,2335435.25,0,0,0,0.000000000000000000000000,0.000000000000000000000000,0.000000000000000000000000,0.000000000000000000000000,0.000000000000000000000000,0.000000000000000000000000,0.000000000000000000000000,0.000000000000000000000000,0.000000000000000000000000,0.000000000000000000000000,0.000000000000000000000000,0.000000000000000000000000,2,1,0.97812914480490143687,1,0.98193864574649849909,1,0.97669317066422487335,1,0.97639452211240385371,1,0.97822188046737059831,1,0.97568026822623713550,1,0.98008131321348192738,1,0.98636488653571631408,1,0.97780912468966211101,1,0.98101304041386637279,1,0.98376259304060676161,1,0.98001072463376276930,1,0.978903123789854,1,0.975481728055946,1,0.975658896767294,1
Jammu and Kashmir,2020-21,2020,India,1,"Financial Year (Apr - Mar), 2020",JAMMU AND KASHMIR,12267013,3371233,8895780,6483906,1825543,4658363,5783107,1545690,4237417,2079471,557090,1522381,121337,2.2141e+06,2335435.25,0,0,0,0.000000000000000000000000,0.000000000000000000000000,0.000000000000000000000000,0.000000000000000000000000,0.000000000000000000000000,0.000000000000000000000000,0.000000000000000000000000,0.000000000000000000000000,0.000000000000000000000000,0.000000000000000000000000,0.000000000000000000000000,0.000000000000000000000000,2,1,0.97812914480490143687,1,0.98193864574649849909,1,0.97669317066422487335,1,0.97639452211240385371,1,0.97822188046737059831,1,0.97568026822623713550,1,0.98008131321348192738,1,0.98636488653571631408,1,0.97780912468966211101,1,0.98101304041386637279,1,0.98376259304060676161,1,0.98001072463376276930,1,0.978903123789854,1,0.975481728055946,1,0.975658896767294,1
Rajasthan,2015-16,2015,India,8,"Financial Year (Apr - Mar), 2015",RAJASTHAN,68548437,17048085,51500352,35550997,8909250,26641747,32997440,8138835,24858605,12711146,3216243,9494903,665817,3.31262e+07,33792067,0,0,0,0,0,0,0,0,0,0,0,0,0,0,0,1,1,1,1,1,1,1,1,1,1,1,1,1,1,1,1,1,1,1,1,1,1,1,1,1,1,1,1,1,1,1,1
Rajasthan,2016-17,2016,India,8,"Financial Year (Apr - Mar), 2016",RAJASTHAN,68548437,17048085,51500352,35550997,8909250,26641747,32997440,8138835,24858605,12711146,3216243,9494903,665817,3.31262e+07,33792067,0,0,0,0,0,0,0,0,0,0,0,0,0,0,0,1,1,1,1,1,1,1,1,1,1,1,1,1,1,1,1,1,1,1,1,1,1,1,1,1,1,1,1,1,1,1,1
Rajasthan,2017-18,2017,India,8,"Financial Year (Apr - Mar), 2017",RAJASTHAN,68548437,17048085,51500352,35550997,8909250,26641747,32997440,8138835,24858605,12711146,3216243,9494903,665817,3.31262e+07,33792067,0,0,0,0,0,0,0,0,0,0,0,0,0,0,0,1,1,1,1,1,1,1,1,1,1,1,1,1,1,1,1,1,1,1,1,1,1,1,1,1,1,1,1,1,1,1,1
Rajasthan,2018-19,2018,India,8,"Financial Year (Apr - Mar), 2018",RAJASTHAN,68548437,17048085,51500352,35550997,8909250,26641747,32997440,8138835,24858605,12711146,3216243,9494903,665817,3.31262e+07,33792067,0,0,0,0,0,0,0,0,0,0,0,0,0,0,0,1,1,1,1,1,1,1,1,1,1,1,1,1,1,1,1,1,1,1,1,1,1,1,1,1,1,1,1,1,1,1,1
Rajasthan,2019-20,2019,India,8,"Financial Year (Apr - Mar), 2019",RAJASTHAN,68548437,17048085,51500352,35550997,8909250,26641747,32997440,8138835,24858605,12711146,3216243,9494903,665817,3.31262e+07,33792067,0,0,0,0,0,0,0,0,0,0,0,0,0,0,0,1,1,1,1,1,1,1,1,1,1,1,1,1,1,1,1,1,1,1,1,1,1,1,1,1,1,1,1,1,1,1,1
Rajasthan,2020-21,2020,India,8,"Financial Year (Apr - Mar), 2020",RAJASTHAN,68548437,17048085,51500352,35550997,8909250,26641747,32997440,8138835,24858605,12711146,3216243,9494903,665817,3.31262e+07,33792067,0,0,0,0,0,0,0,0,0,0,0,0,0,0,0,1,1,1,1,1,1,1,1,1,1,1,1,1,1,1,1,1,1,1,1,1,1,1,1,1,1,1,1,1,1,1,1
Uttar Pradesh,2015-16,2015,India,9,"Financial Year (Apr - Mar), 2015",UTTAR PRADESH,199812341,44495063,155317278,104480510,23487515,80992995,95331831,21007548,74324283,33448035,7762093,25685942,780110.507,2.31814e+07,23961510.507,0,0,0,0,0,0,0,0,0,0,0,0,0,0,0,1,1,1,1,1,1,1,1,1,1,1,1,1,1,1,1,1,1,1,1,1,1,1,1,1,1,1,1,1,1,1,1
Uttar Pradesh,2016-17,2016,India,9,"Financial Year (Apr - Mar), 2016",UTTAR PRADESH,199812341,44495063,155317278,104480510,23487515,80992995,95331831,21007548,74324283,33448035,7762093,25685942,780110.507,2.31814e+07,23961510.507,0,0,0,0,0,0,0,0,0,0,0,0,0,0,0,1,1,1,1,1,1,1,1,1,1,1,1,1,1,1,1,1,1,1,1,1,1,1,1,1,1,1,1,1,1,1,1
Uttar Pradesh,2017-18,2017,India,9,"Financial Year (Apr - Mar), 2017",UTTAR PRADESH,199812341,44495063,155317278,104480510,23487515,80992995,95331831,21007548,74324283,33448035,7762093,25685942,780110.507,2.31814e+07,23961510.507,0,0,0,0,0,0,0,0,0,0,0,0,0,0,0,1,1,1,1,1,1,1,1,1,1,1,1,1,1,1,1,1,1,1,1,1,1,1,1,1,1,1,1,1,1,1,1
Uttar Pradesh,2018-19,2018,India,9,"Financial Year (Apr - Mar), 2018",UTTAR PRADESH,199812341,44495063,155317278,104480510,23487515,80992995,95331831,21007548,74324283,33448035,7762093,25685942,780110.507,2.31814e+07,23961510.507,0,0,0,0,0,0,0,0,0,0,0,0,0,0,0,1,1,1,1,1,1,1,1,1,1,1,1,1,1,1,1,1,1,1,1,1,1,1,1,1,1,1,1,1,1,1,1
Uttar Pradesh,2019-20,2019,India,9,"Financial Year (Apr - Mar), 2019",UTTAR PRADESH,199812341,44495063,155317278,104480510,23487515,80992995,95331831,21007548,74324283,33448035,7762093,25685942,780110.507,2.31814e+07,23961510.507,0,0,0,0,0,0,0,0,0,0,0,0,0,0,0,1,1,1,1,1,1,1,1,1,1,1,1,1,1,1,1,1,1,1,1,1,1,1,1,1,1,1,1,1,1,1,1
Uttar Pradesh,2020-21,2020,India,9,"Financial Year (Apr - Mar), 2020",UTTAR PRADESH,199812341,44495063,155317278,104480510,23487515,80992995,95331831,21007548,74324283,33448035,7762093,25685942,780110.507,2.31814e+07,23961510.507,0,0,0,0,0,0,0,0,0,0,0,0,0,0,0,1,1,1,1,1,1,1,1,1,1,1,1,1,1,1,1,1,1,1,1,1,1,1,1,1,1,1,1,1,1,1,1
Arunachal Pradesh,2015-16,2015,India,12,"Financial Year (Apr - Mar), 2015",ARUNACHAL PRADESH,1383727,317369,1066358,713912,167901,546011,669815,149468,520347,270577,70367,200210,,1.33104e+06,1331039.125,0,0,0,0,0,0,0,0,0,0,0,0,0,0,0,1,1,1,1,1,1,1,1,1,1,1,1,1,1,1,1,1,1,1,1,1,1,1,1,1,1,1,1,1,1,1,1
Arunachal Pradesh,2016-17,2016,India,12,"Financial Year (Apr - Mar), 2016",ARUNACHAL PRADESH,1383727,317369,1066358,713912,167901,546011,669815,149468,520347,270577,70367,200210,,1.33104e+06,1331039.125,0,0,0,0,0,0,0,0,0,0,0,0,0,0,0,1,1,1,1,1,1,1,1,1,1,1,1,1,1,1,1,1,1,1,1,1,1,1,1,1,1,1,1,1,1,1,1
Arunachal Pradesh,2017-18,2017,India,12,"Financial Year (Apr - Mar), 2017",ARUNACHAL PRADESH,1383727,317369,1066358,713912,167901,546011,669815,149468,520347,270577,70367,200210,,1.33104e+06,1331039.125,0,0,0,0,0,0,0,0,0,0,0,0,0,0,0,1,1,1,1,1,1,1,1,1,1,1,1,1,1,1,1,1,1,1,1,1,1,1,1,1,1,1,1,1,1,1,1
Arunachal Pradesh,2018-19,2018,India,12,"Financial Year (Apr - Mar), 2018",ARUNACHAL PRADESH,1383727,317369,1066358,713912,167901,546011,669815,149468,520347,270577,70367,200210,,1.33104e+06,1331039.125,0,0,0,0,0,0,0,0,0,0,0,0,0,0,0,1,1,1,1,1,1,1,1,1,1,1,1,1,1,1,1,1,1,1,1,1,1,1,1,1,1,1,1,1,1,1,1
Arunachal Pradesh,2019-20,2019,India,12,"Financial Year (Apr - Mar), 2019",ARUNACHAL PRADESH,1383727,317369,1066358,713912,167901,546011,669815,149468,520347,270577,70367,200210,,1.33104e+06,1331039.125,0,0,0,0,0,0,0,0,0,0,0,0,0,0,0,1,1,1,1,1,1,1,1,1,1,1,1,1,1,1,1,1,1,1,1,1,1,1,1,1,1,1,1,1,1,1,1
Meghalaya,2015-16,2015,India,17,"Financial Year (Apr - Mar), 2015",MEGHALAYA,2966889,595450,2371439,1491832,297572,1194260,1475057,297878,1177179,548059,117486,430573,28289,,28289,0,0,0,0,0,0,0,0,0,0,0,0,0,0,0,1,1,1,1,1,1,1,1,1,1,1,1,1,1,1,1,1,1,1,1,1,1,1,1,1,1,1,1,1,1,1,1
Meghalaya,2016-17,2016,India,17,"Financial Year (Apr - Mar), 2016",MEGHALAYA,2966889,595450,2371439,1491832,297572,1194260,1475057,297878,1177179,548059,117486,430573,28289,,28289,0,0,0,0,0,0,0,0,0,0,0,0,0,0,0,1,1,1,1,1,1,1,1,1,1,1,1,1,1,1,1,1,1,1,1,1,1,1,1,1,1,1,1,1,1,1,1
Meghalaya,2017-18,2017,India,17,"Financial Year (Apr - Mar), 2017",MEGHALAYA,2966889,595450,2371439,1491832,297572,1194260,1475057,297878,1177179,548059,117486,430573,28289,,28289,0,0,0,0,0,0,0,0,0,0,0,0,0,0,0,1,1,1,1,1,1,1,1,1,1,1,1,1,1,1,1,1,1,1,1,1,1,1,1,1,1,1,1,1,1,1,1
Meghalaya,2018-19,2018,India,17,"Financial Year (Apr - Mar), 2018",MEGHALAYA,2966889,595450,2371439,1491832,297572,1194260,1475057,297878,1177179,548059,117486,430573,28289,,28289,0,0,0,0,0,0,0,0,0,0,0,0,0,0,0,1,1,1,1,1,1,1,1,1,1,1,1,1,1,1,1,1,1,1,1,1,1,1,1,1,1,1,1,1,1,1,1
Meghalaya,2019-20,2019,India,17,"Financial Year (Apr - Mar), 2019",MEGHALAYA,2966889,595450,2371439,1491832,297572,1194260,1475057,297878,1177179,548059,117486,430573,28289,,28289,0,0,0,0,0,0,0,0,0,0,0,0,0,0,0,1,1,1,1,1,1,1,1,1,1,1,1,1,1,1,1,1,1,1,1,1,1,1,1,1,1,1,1,1,1,1,1
Meghalaya,2020-21,2020,India,17,"Financial Year (Apr - Mar), 2020",MEGHALAYA,2966889,595450,2371439,1491832,297572,1194260,1475057,297878,1177179,548059,117486,430573,28289,,28289,0,0,0,0,0,0,0,0,0,0,0,0,0,0,0,1,1,1,1,1,1,1,1,1,1,1,1,1,1,1,1,1,1,1,1,1,1,1,1,1,1,1,1,1,1,1,1
Assam,2015-16,2015,India,18,"Financial Year (Apr - Mar), 2015",ASSAM,31205576,4398542,26807034,15939443,2260454,13678989,15266133,2138088,13128045,6406471,985594,5420877,125988,5.0829e+06,5208890.5,0,0,0,0,0,0,0,0,0,0,0,0,0,0,0,1,1,1,1,1,1,1,1,1,1,1,1,1,1,1,1,1,1,1,1,1,1,1,1,1,1,1,1,1,1,1,1
Assam,2016-17,2016,India,18,"Financial Year (Apr - Mar), 2016",ASSAM,31205576,4398542,26807034,15939443,2260454,13678989,15266133,2138088,13128045,6406471,985594,5420877,125988,5.0829e+06,5208890.5,0,0,0,0,0,0,0,0,0,0,0,0,0,0,0,1,1,1,1,1,1,1,1,1,1,1,1,1,1,1,1,1,1,1,1,1,1,1,1,1,1,1,1,1,1,1,1
Assam,2017-18,2017,India,18,"Financial Year (Apr - Mar), 2017",ASSAM,31205576,4398542,26807034,15939443,2260454,13678989,15266133,2138088,13128045,6406471,985594,5420877,125988,5.0829e+06,5208890.5,0,0,0,0,0,0,0,0,0,0,0,0,0,0,0,1,1,1,1,1,1,1,1,1,1,1,1,1,1,1,1,1,1,1,1,1,1,1,1,1,1,1,1,1,1,1,1
Assam,2018-19,2018,India,18,"Financial Year (Apr - Mar), 2018",ASSAM,31205576,4398542,26807034,15939443,2260454,13678989,15266133,2138088,13128045,6406471,985594,5420877,125988,5.0829e+06,5208890.5,0,0,0,0,0,0,0,0,0,0,0,0,0,0,0,1,1,1,1,1,1,1,1,1,1,1,1,1,1,1,1,1,1,1,1,1,1,1,1,1,1,1,1,1,1,1,1
Assam,2019-20,2019,India,18,"Financial Year (Apr - Mar), 2019",ASSAM,31205576,4398542,26807034,15939443,2260454,13678989,15266133,2138088,13128045,6406471,985594,5420877,125988,5.0829e+06,5208890.5,0,0,0,0,0,0,0,0,0,0,0,0,0,0,0,1,1,1,1,1,1,1,1,1,1,1,1,1,1,1,1,1,1,1,1,1,1,1,1,1,1,1,1,1,1,1,1
Assam,2020-21,2020,India,18,"Financial Year (Apr - Mar), 2020",ASSAM,31205576,4398542,26807034,15939443,2260454,13678989,15266133,2138088,13128045,6406471,985594,5420877,125988,5.0829e+06,5208890.5,0,0,0,0,0,0,0,0,0,0,0,0,0,0,0,1,1,1,1,1,1,1,1,1,1,1,1,1,1,1,1,1,1,1,1,1,1,1,1,1,1,1,1,1,1,1,1
West Bengal,2015-16,2015,India,19,"Financial Year (Apr - Mar), 2015",WEST BENGAL,91276115,29093002,62183113,46809027,14964082,31844945,44467088,14128920,30338168,20380315,6567150,13813165,511322.9535491,7.82147e+06,8332791.4535491,0,0,0,0,0,0,0,0,0,0,0,0,0,0,0,1,1,1,1,1,1,1,1,1,1,1,1,1,1,1,1,1,1,1,1,1,1,1,1,1,1,1,1,1,1,1,1
West Bengal,2016-17,2016,India,19,"Financial Year (Apr - Mar), 2016",WEST BENGAL,91276115,29093002,62183113,46809027,14964082,31844945,44467088,14128920,30338168,20380315,6567150,13813165,511322.9535491,7.82147e+06,8332791.4535491,0,0,0,0,0,0,0,0,0,0,0,0,0,0,0,1,1,1,1,1,1,1,1,1,1,1,1,1,1,1,1,1,1,1,1,1,1,1,1,1,1,1,1,1,1,1,1
West Bengal,2017-18,2017,India,19,"Financial Year (Apr - Mar), 2017",WEST BENGAL,91276115,29093002,62183113,46809027,14964082,31844945,44467088,14128920,30338168,20380315,6567150,13813165,511322.9535491,7.82147e+06,8332791.4535491,0,0,0,0,0,0,0,0,0,0,0,0,0,0,0,1,1,1,1,1,1,1,1,1,1,1,1,1,1,1,1,1,1,1,1,1,1,1,1,1,1,1,1,1,1,1,1
West Bengal,2018-19,2018,India,19,"Financial Year (Apr - Mar), 2018",WEST BENGAL,91276115,29093002,62183113,46809027,14964082,31844945,44467088,14128920,30338168,20380315,6567150,13813165,511322.9535491,7.82147e+06,8332791.4535491,0,0,0,0,0,0,0,0,0,0,0,0,0,0,0,1,1,1,1,1,1,1,1,1,1,1,1,1,1,1,1,1,1,1,1,1,1,1,1,1,1,1,1,1,1,1,1
West Bengal,2019-20,2019,India,19,"Financial Year (Apr - Mar), 2019",WEST BENGAL,91276115,29093002,62183113,46809027,14964082,31844945,44467088,14128920,30338168,20380315,6567150,13813165,511322.9535491,7.82147e+06,8332791.4535491,0,0,0,0,0,0,0,0,0,0,0,0,0,0,0,1,1,1,1,1,1,1,1,1,1,1,1,1,1,1,1,1,1,1,1,1,1,1,1,1,1,1,1,1,1,1,1
West Bengal,2020-21,2020,India,19,"Financial Year (Apr - Mar), 2020",WEST BENGAL,91276115,29093002,62183113,46809027,14964082,31844945,44467088,14128920,30338168,20380315,6567150,13813165,511322.9535491,7.82147e+06,8332791.4535491,0,0,0,0,0,0,0,0,0,0,0,0,0,0,0,1,1,1,1,1,1,1,1,1,1,1,1,1,1,1,1,1,1,1,1,1,1,1,1,1,1,1,1,1,1,1,1
Jharkhand,2015-16,2015,India,20,"Financial Year (Apr - Mar), 2015",JHARKHAND,32988134,7933061,25055073,16930315,4153829,12776486,16057819,3779232,12278587,6254781,1525412,4729369,225145.15,7.46095e+06,7686097.65,0,0,0,0,0,0,0,0,0,0,0,0,0,0,0,1,1,1,1,1,1,1,1,1,1,1,1,1,1,1,1,1,1,1,1,1,1,1,1,1,1,1,1,1,1,1,1
Jharkhand,2016-17,2016,India,20,"Financial Year (Apr - Mar), 2016",JHARKHAND,32988134,7933061,25055073,16930315,4153829,12776486,16057819,3779232,12278587,6254781,1525412,4729369,225145.15,7.46095e+06,7686097.65,0,0,0,0,0,0,0,0,0,0,0,0,0,0,0,1,1,1,1,1,1,1,1,1,1,1,1,1,1,1,1,1,1,1,1,1,1,1,1,1,1,1,1,1,1,1,1
Jharkhand,2017-18,2017,India,20,"Financial Year (Apr - Mar), 2017",JHARKHAND,32988134,7933061,25055073,16930315,4153829,12776486,16057819,3779232,12278587,6254781,1525412,4729369,225145.15,7.46095e+06,7686097.65,0,0,0,0,0,0,0,0,0,0,0,0,0,0,0,1,1,1,1,1,1,1,1,1,1,1,1,1,1,1,1,1,1,1,1,1,1,1,1,1,1,1,1,1,1,1,1
Jharkhand,2018-19,2018,India,20,"Financial Year (Apr - Mar), 2018",JHARKHAND,32988134,7933061,25055073,16930315,4153829,12776486,16057819,3779232,12278587,6254781,1525412,4729369,225145.15,7.46095e+06,7686097.65,0,0,0,0,0,0,0,0,0,0,0,0,0,0,0,1,1,1,1,1,1,1,1,1,1,1,1,1,1,1,1,1,1,1,1,1,1,1,1,1,1,1,1,1,1,1,1
Jharkhand,2019-20,2019,India,20,"Financial Year (Apr - Mar), 2019",JHARKHAND,32988134,7933061,25055073,16930315,4153829,12776486,16057819,3779232,12278587,6254781,1525412,4729369,225145.15,7.46095e+06,7686097.65,0,0,0,0,0,0,0,0,0,0,0,0,0,0,0,1,1,1,1,1,1,1,1,1,1,1,1,1,1,1,1,1,1,1,1,1,1,1,1,1,1,1,1,1,1,1,1
Jharkhand,2020-21,2020,India,20,"Financial Year (Apr - Mar), 2020",JHARKHAND,32988134,7933061,25055073,16930315,4153829,12776486,16057819,3779232,12278587,6254781,1525412,4729369,225145.15,7.46095e+06,7686097.65,0,0,0,0,0,0,0,0,0,0,0,0,0,0,0,1,1,1,1,1,1,1,1,1,1,1,1,1,1,1,1,1,1,1,1,1,1,1,1,1,1,1,1,1,1,1,1
Odisha,2015-16,2015,India,21,"Financial Year (Apr - Mar), 2015",ODISHA,41980846,7010284,34970562,21215646,3629443,17586203,20765200,3380841,17384359,9639296,1549309,8089987,2297094.4,1.15738e+07,13870882.4,0,0,0,0,0,0,0,0,0,0,0,0,0,0,0,1,1,1,1,1,1,1,1,1,1,1,1,1,1,1,1,1,1,1,1,1,1,1,1,1,1,1,1,1,1,1,1
Odisha,2016-17,2016,India,21,"Financial Year (Apr - Mar), 2016",ODISHA,41980846,7010284,34970562,21215646,3629443,17586203,20765200,3380841,17384359,9639296,1549309,8089987,2297094.4,1.15738e+07,13870882.4,0,0,0,0,0,0,0,0,0,0,0,0,0,0,0,1,1,1,1,1,1,1,1,1,1,1,1,1,1,1,1,1,1,1,1,1,1,1,1,1,1,1,1,1,1,1,1
Odisha,2017-18,2017,India,21,"Financial Year (Apr - Mar), 2017",ODISHA,41980846,7010284,34970562,21215646,3629443,17586203,20765200,3380841,17384359,9639296,1549309,8089987,2297094.4,1.15738e+07,13870882.4,0,0,0,0,0,0,0,0,0,0,0,0,0,0,0,1,1,1,1,1,1,1,1,1,1,1,1,1,1,1,1,1,1,1,1,1,1,1,1,1,1,1,1,1,1,1,1
Odisha,2018-19,2018,India,21,"Financial Year (Apr - Mar), 2018",ODISHA,41980846,7010284,34970562,21215646,3629443,17586203,20765200,3380841,17384359,9639296,1549309,8089987,2297094.4,1.15738e+07,13870882.4,0,0,0,0,0,0,0,0,0,0,0,0,0,0,0,1,1,1,1,1,1,1,1,1,1,1,1,1,1,1,1,1,1,1,1,1,1,1,1,1,1,1,1,1,1,1,1
Odisha,2019-20,2019,India,21,"Financial Year (Apr - Mar), 2019",ODISHA,41980846,7010284,34970562,21215646,3629443,17586203,20765200,3380841,17384359,9639296,1549309,8089987,2297094.4,1.15738e+07,13870882.4,0,0,0,0,0,0,0,0,0,0,0,0,0,0,0,1,1,1,1,1,1,1,1,1,1,1,1,1,1,1,1,1,1,1,1,1,1,1,1,1,1,1,1,1,1,1,1
Odisha,2020-21,2020,India,21,"Financial Year (Apr - Mar), 2020",ODISHA,41980846,7010284,34970562,21215646,3629443,17586203,20765200,3380841,17384359,9639296,1549309,8089987,2297094.4,1.15738e+07,13870882.4,0,0,0,0,0,0,0,0,0,0,0,0,0,0,0,1,1,1,1,1,1,1,1,1,1,1,1,1,1,1,1,1,1,1,1,1,1,1,1,1,1,1,1,1,1,1,1
Chhattisgarh,2015-16,2015,India,22,"Financial Year (Apr - Mar), 2015",CHHATTISGARH,25545198,5937237,19607961,12832895,3035469,9797426,12712303,2901768,9810535,5650724,1285156,4365568,324772,9.34252e+06,9667292,0,0,0,0,0,0,0,0,0,0,0,0,0,0,0,1,1,1,1,1,1,1,1,1,1,1,1,1,1,1,1,1,1,1,1,1,1,1,1,1,1,1,1,1,1,1,1
Chhattisgarh,2016-17,2016,India,22,"Financial Year (Apr - Mar), 2016",CHHATTISGARH,25545198,5937237,19607961,12832895,3035469,9797426,12712303,2901768,9810535,5650724,1285156,4365568,324772,9.34252e+06,9667292,0,0,0,0,0,0,0,0,0,0,0,0,0,0,0,1,1,1,1,1,1,1,1,1,1,1,1,1,1,1,1,1,1,1,1,1,1,1,1,1,1,1,1,1,1,1,1
Chhattisgarh,2017-18,2017,India,22,"Financial Year (Apr - Mar), 2017",CHHATTISGARH,25545198,5937237,19607961,12832895,3035469,9797426,12712303,2901768,9810535,5650724,1285156,4365568,324772,9.34252e+06,9667292,0,0,0,0,0,0,0,0,0,0,0,0,0,0,0,1,1,1,1,1,1,1,1,1,1,1,1,1,1,1,1,1,1,1,1,1,1,1,1,1,1,1,1,1,1,1,1
Chhattisgarh,2018-19,2018,India,22,"Financial Year (Apr - Mar), 2018",CHHATTISGARH,25545198,5937237,19607961,12832895,3035469,9797426,12712303,2901768,9810535,5650724,1285156,4365568,324772,9.34252e+06,9667292,0,0,0,0,0,0,0,0,0,0,0,0,0,0,0,1,1,1,1,1,1,1,1,1,1,1,1,1,1,1,1,1,1,1,1,1,1,1,1,1,1,1,1,1,1,1,1
Chhattisgarh,2019-20,2019,India,22,"Financial Year (Apr - Mar), 2019",CHHATTISGARH,25545198,5937237,19607961,12832895,3035469,9797426,12712303,2901768,9810535,5650724,1285156,4365568,324772,9.34252e+06,9667292,0,0,0,0,0,0,0,0,0,0,0,0,0,0,0,1,1,1,1,1,1,1,1,1,1,1,1,1,1,1,1,1,1,1,1,1,1,1,1,1,1,1,1,1,1,1,1
Chhattisgarh,2020-21,2020,India,22,"Financial Year (Apr - Mar), 2020",CHHATTISGARH,25545198,5937237,19607961,12832895,3035469,9797426,12712303,2901768,9810535,5650724,1285156,4365568,324772,9.34252e+06,9667292,0,0,0,0,0,0,0,0,0,0,0,0,0,0,0,1,1,1,1,1,1,1,1,1,1,1,1,1,1,1,1,1,1,1,1,1,1,1,1,1,1,1,1,1,1,1,1
Madhya Pradesh,2015-16,2015,India,23,"Financial Year (Apr - Mar), 2015",MADHYA PRADESH,72641665,20084261,52557404,37620144,10470756,27149388,35021521,9613505,25408016,15095856,4015578,11080278,774641,2.54876e+07,26262239,0,0,0,0,0,0,0,0,0,0,0,0,0,0,0,1,1,1,1,1,1,1,1,1,1,1,1,1,1,1,1,1,1,1,1,1,1,1,1,1,1,1,1,1,1,1,1
Madhya Pradesh,2016-17,2016,India,23,"Financial Year (Apr - Mar), 2016",MADHYA PRADESH,72641665,20084261,52557404,37620144,10470756,27149388,35021521,9613505,25408016,15095856,4015578,11080278,774641,2.54876e+07,26262239,0,0,0,0,0,0,0,0,0,0,0,0,0,0,0,1,1,1,1,1,1,1,1,1,1,1,1,1,1,1,1,1,1,1,1,1,1,1,1,1,1,1,1,1,1,1,1
Madhya Pradesh,2017-18,2017,India,23,"Financial Year (Apr - Mar), 2017",MADHYA PRADESH,72641665,20084261,52557404,37620144,10470756,27149388,35021521,9613505,25408016,15095856,4015578,11080278,774641,2.54876e+07,26262239,0,0,0,0,0,0,0,0,0,0,0,0,0,0,0,1,1,1,1,1,1,1,1,1,1,1,1,1,1,1,1,1,1,1,1,1,1,1,1,1,1,1,1,1,1,1,1
Madhya Pradesh,2018-19,2018,India,23,"Financial Year (Apr - Mar), 2018",MADHYA PRADESH,72641665,20084261,52557404,37620144,10470756,27149388,35021521,9613505,25408016,15095856,4015578,11080278,774641,2.54876e+07,26262239,0,0,0,0,0,0,0,0,0,0,0,0,0,0,0,1,1,1,1,1,1,1,1,1,1,1,1,1,1,1,1,1,1,1,1,1,1,1,1,1,1,1,1,1,1,1,1
Madhya Pradesh,2019-20,2019,India,23,"Financial Year (Apr - Mar), 2019",MADHYA PRADESH,72641665,20084261,52557404,37620144,10470756,27149388,35021521,9613505,25408016,15095856,4015578,11080278,774641,2.54876e+07,26262239,0,0,0,0,0,0,0,0,0,0,0,0,0,0,0,1,1,1,1,1,1,1,1,1,1,1,1,1,1,1,1,1,1,1,1,1,1,1,1,1,1,1,1,1,1,1,1
Madhya Pradesh,2020-21,2020,India,23,"Financial Year (Apr - Mar), 2020",MADHYA PRADESH,72641665,20084261,52557404,37620144,10470756,27149388,35021521,9613505,25408016,15095856,4015578,11080278,774641,2.54876e+07,26262239,0,0,0,0,0,0,0,0,0,0,0,0,0,0,0,1,1,1,1,1,1,1,1,1,1,1,1,1,1,1,1,1,1,1,1,1,1,1,1,1,1,1,1,1,1,1,1
Gujarat,2015-16,2015,India,24,"Financial Year (Apr - Mar), 2015",GUJARAT,60443083,25748474,34694609,31492973,13693814,17799159,28950110,12054660,16895450,12249135,5475577,6773558,733163,1.49574e+07,15690521,0,0,0,0,0,0,0,0,0,0,0,0,0,0,0,1,1,1,1,1,1,1,1,1,1,1,1,1,1,1,1,1,1,1,1,1,1,1,1,1,1,1,1,1,1,1,1
Gujarat,2016-17,2016,India,24,"Financial Year (Apr - Mar), 2016",GUJARAT,60443083,25748474,34694609,31492973,13693814,17799159,28950110,12054660,16895450,12249135,5475577,6773558,733163,1.49574e+07,15690521,0,0,0,0,0,0,0,0,0,0,0,0,0,0,0,1,1,1,1,1,1,1,1,1,1,1,1,1,1,1,1,1,1,1,1,1,1,1,1,1,1,1,1,1,1,1,1
Gujarat,2017-18,2017,India,24,"Financial Year (Apr - Mar), 2017",GUJARAT,60443083,25748474,34694609,31492973,13693814,17799159,28950110,12054660,16895450,12249135,5475577,6773558,733163,1.49574e+07,15690521,0,0,0,0,0,0,0,0,0,0,0,0,0,0,0,1,1,1,1,1,1,1,1,1,1,1,1,1,1,1,1,1,1,1,1,1,1,1,1,1,1,1,1,1,1,1,1
Gujarat,2018-19,2018,India,24,"Financial Year (Apr - Mar), 2018",GUJARAT,60443083,25748474,34694609,31492973,13693814,17799159,28950110,12054660,16895450,12249135,5475577,6773558,733163,1.49574e+07,15690521,0,0,0,0,0,0,0,0,0,0,0,0,0,0,0,1,1,1,1,1,1,1,1,1,1,1,1,1,1,1,1,1,1,1,1,1,1,1,1,1,1,1,1,1,1,1,1
Gujarat,2019-20,2019,India,24,"Financial Year (Apr - Mar), 2019",GUJARAT,60443083,25748474,34694609,31492973,13693814,17799159,28950110,12054660,16895450,12249135,5475577,6773558,733163,1.49574e+07,15690521,0,0,0,0,0,0,0,0,0,0,0,0,0,0,0,1,1,1,1,1,1,1,1,1,1,1,1,1,1,1,1,1,1,1,1,1,1,1,1,1,1,1,1,1,1,1,1
Gujarat,2020-21,2020,India,24,"Financial Year (Apr - Mar), 2020",GUJARAT,60443083,25748474,34694609,31492973,13693814,17799159,28950110,12054660,16895450,12249135,5475577,6773558,733163,1.49574e+07,15690521,0,0,0,0,0,0,0,0,0,0,0,0,0,0,0,1,1,1,1,1,1,1,1,1,1,1,1,1,1,1,1,1,1,1,1,1,1,1,1,1,1,1,1,1,1,1,1
Maharashtra,2015-16,2015,India,27,"Financial Year (Apr - Mar), 2015",MAHARASHTRA,112374333,50818259,61556074,58243056,26704022,31539034,54131277,24114237,30017040,24421519,11206781,13214738,912066,2.88942e+07,29806232,0,0,0,0,0,0,0,0,0,0,0,0,0,0,0,1,1,1,1,1,1,1,1,1,1,1,1,1,1,1,1,1,1,1,1,1,1,1,1,1,1,1,1,1,1,1,1
Maharashtra,2016-17,2016,India,27,"Financial Year (Apr - Mar), 2016",MAHARASHTRA,112374333,50818259,61556074,58243056,26704022,31539034,54131277,24114237,30017040,24421519,11206781,13214738,912066,2.88942e+07,29806232,0,0,0,0,0,0,0,0,0,0,0,0,0,0,0,1,1,1,1,1,1,1,1,1,1,1,1,1,1,1,1,1,1,1,1,1,1,1,1,1,1,1,1,1,1,1,1
Maharashtra,2017-18,2017,India,27,"Financial Year (Apr - Mar), 2017",MAHARASHTRA,112374333,50818259,61556074,58243056,26704022,31539034,54131277,24114237,30017040,24421519,11206781,13214738,912066,2.88942e+07,29806232,0,0,0,0,0,0,0,0,0,0,0,0,0,0,0,1,1,1,1,1,1,1,1,1,1,1,1,1,1,1,1,1,1,1,1,1,1,1,1,1,1,1,1,1,1,1,1
Maharashtra,2018-19,2018,India,27,"Financial Year (Apr - Mar), 2018",MAHARASHTRA,112374333,50818259,61556074,58243056,26704022,31539034,54131277,24114237,30017040,24421519,11206781,13214738,912066,2.88942e+07,29806232,0,0,0,0,0,0,0,0,0,0,0,0,0,0,0,1,1,1,1,1,1,1,1,1,1,1,1,1,1,1,1,1,1,1,1,1,1,1,1,1,1,1,1,1,1,1,1
Maharashtra,2019-20,2019,India,27,"Financial Year (Apr - Mar), 2019",MAHARASHTRA,112374333,50818259,61556074,58243056,26704022,31539034,54131277,24114237,30017040,24421519,11206781,13214738,912066,2.88942e+07,29806232,0,0,0,0,0,0,0,0,0,0,0,0,0,0,0,1,1,1,1,1,1,1,1,1,1,1,1,1,1,1,1,1,1,1,1,1,1,1,1,1,1,1,1,1,1,1,1
Maharashtra,2020-21,2020,India,27,"Financial Year (Apr - Mar), 2020",MAHARASHTRA,112374333,50818259,61556074,58243056,26704022,31539034,54131277,24114237,30017040,24421519,11206781,13214738,912066,2.88942e+07,29806232,0,0,0,0,0,0,0,0,0,0,0,0,0,0,0,1,1,1,1,1,1,1,1,1,1,1,1,1,1,1,1,1,1,1,1,1,1,1,1,1,1,1,1,1,1,1,1
Tamilnadu,2015-16,2015,India,33,"Financial Year (Apr - Mar), 2015",TAMIL NADU,72147030,34917440,37229590,36137975,17458910,18679065,36009055,17458530,18550525,18524982,8996487,9528495,1363555.5,1.15072e+07,12870773.5,0,0,0,0,0,0,0,0,0,0,0,0,0,0,0,1,1,1,1,1,1,1,1,1,1,1,1,1,1,1,1,1,1,1,1,1,1,1,1,1,1,1,1,1,1,1,1
Tamilnadu,2016-17,2016,India,33,"Financial Year (Apr - Mar), 2016",TAMIL NADU,72147030,34917440,37229590,36137975,17458910,18679065,36009055,17458530,18550525,18524982,8996487,9528495,1363555.5,1.15072e+07,12870773.5,0,0,0,0,0,0,0,0,0,0,0,0,0,0,0,1,1,1,1,1,1,1,1,1,1,1,1,1,1,1,1,1,1,1,1,1,1,1,1,1,1,1,1,1,1,1,1
Tamilnadu,2017-18,2017,India,33,"Financial Year (Apr - Mar), 2017",TAMIL NADU,72147030,34917440,37229590,36137975,17458910,18679065,36009055,17458530,18550525,18524982,8996487,9528495,1363555.5,1.15072e+07,12870773.5,0,0,0,0,0,0,0,0,0,0,0,0,0,0,0,1,1,1,1,1,1,1,1,1,1,1,1,1,1,1,1,1,1,1,1,1,1,1,1,1,1,1,1,1,1,1,1
Tamilnadu,2018-19,2018,India,33,"Financial Year (Apr - Mar), 2018",TAMIL NADU,72147030,34917440,37229590,36137975,17458910,18679065,36009055,17458530,18550525,18524982,8996487,9528495,1363555.5,1.15072e+07,12870773.5,0,0,0,0,0,0,0,0,0,0,0,0,0,0,0,1,1,1,1,1,1,1,1,1,1,1,1,1,1,1,1,1,1,1,1,1,1,1,1,1,1,1,1,1,1,1,1
Tamilnadu,2019-20,2019,India,33,"Financial Year (Apr - Mar), 2019",TAMIL NADU,72147030,34917440,37229590,36137975,17458910,18679065,36009055,17458530,18550525,18524982,8996487,9528495,1363555.5,1.15072e+07,12870773.5,0,0,0,0,0,0,0,0,0,0,0,0,0,0,0,1,1,1,1,1,1,1,1,1,1,1,1,1,1,1,1,1,1,1,1,1,1,1,1,1,1,1,1,1,1,1,1
Tamilnadu,2020-21,2020,India,33,"Financial Year (Apr - Mar), 2020",TAMIL NADU,72147030,34917440,37229590,36137975,17458910,18679065,36009055,17458530,18550525,18524982,8996487,9528495,1363555.5,1.15072e+07,12870773.5,0,0,0,0,0,0,0,0,0,0,0,0,0,0,0,1,1,1,1,1,1,1,1,1,1,1,1,1,1,1,1,1,1,1,1,1,1,1,1,1,1,1,1,1,1,1,1
Telangana,2015-16,2015,India,36,"Financial Year (Apr - Mar), 2015",TELANGANA,35003674,13608665,21395009,17611633,6906640,10704993,17392041,6702025,10690016,8303612,3134583,5169029,373524,1.00147e+07,10388260,0,0,0,0,0,0,0,0,0,0,0,0,0,0,0,1,1,1,1,1,1,1,1,1,1,1,1,1,1,1,1,1,1,1,1,1,1,1,1,1,1,1,1,1,1,1,1
Telangana,2016-17,2016,India,36,"Financial Year (Apr - Mar), 2016",TELANGANA,35003674,13608665,21395009,17611633,6906640,10704993,17392041,6702025,10690016,8303612,3134583,5169029,373524,1.00147e+07,10388260,0,0,0,0,0,0,0,0,0,0,0,0,0,0,0,1,1,1,1,1,1,1,1,1,1,1,1,1,1,1,1,1,1,1,1,1,1,1,1,1,1,1,1,1,1,1,1
Telangana,2017-18,2017,India,36,"Financial Year (Apr - Mar), 2017",TELANGANA,35003674,13608665,21395009,17611633,6906640,10704993,17392041,6702025,10690016,8303612,3134583,5169029,373524,1.00147e+07,10388260,0,0,0,0,0,0,0,0,0,0,0,0,0,0,0,1,1,1,1,1,1,1,1,1,1,1,1,1,1,1,1,1,1,1,1,1,1,1,1,1,1,1,1,1,1,1,1
Telangana,2018-19,2018,India,36,"Financial Year (Apr - Mar), 2018",TELANGANA,35003674,13608665,21395009,17611633,6906640,10704993,17392041,6702025,10690016,8303612,3134583,5169029,373524,1.00147e+07,10388260,0,0,0,0,0,0,0,0,0,0,0,0,0,0,0,1,1,1,1,1,1,1,1,1,1,1,1,1,1,1,1,1,1,1,1,1,1,1,1,1,1,1,1,1,1,1,1
Telangana,2019-20,2019,India,36,"Financial Year (Apr - Mar), 2019",TELANGANA,35003674,13608665,21395009,17611633,6906640,10704993,17392041,6702025,10690016,8303612,3134583,5169029,373524,1.00147e+07,10388260,0,0,0,0,0,0,0,0,0,0,0,0,0,0,0,1,1,1,1,1,1,1,1,1,1,1,1,1,1,1,1,1,1,1,1,1,1,1,1,1,1,1,1,1,1,1,1
Telangana,2020-21,2020,India,36,"Financial Year (Apr - Mar), 2020",TELANGANA,35003674,13608665,21395009,17611633,6906640,10704993,17392041,6702025,10690016,8303612,3134583,5169029,373524,1.00147e+07,10388260,0,0,0,0,0,0,0,0,0,0,0,0,0,0,0,1,1,1,1,1,1,1,1,1,1,1,1,1,1,1,1,1,1,1,1,1,1,1,1,1,1,1,1,1,1,1,1
Jammu & Kashmir,2015-16,2015,India,37,"Financial Year (Apr - Mar), 2015",LADAKH,274289,62009,212280,156756,40642,116114,117533,21367,96166,40247,9195,31052,2615,55650.3,58265.3125,0,0,0,0.000000000000000000000000,0.000000000000000000000000,0.000000000000000000000000,0.000000000000000000000000,0.000000000000000000000000,0.000000000000000000000000,0.000000000000000000000000,0.000000000000000000000000,0.000000000000000000000000,0.000000000000000000000000,0.000000000000000000000000,0.000000000000000000000000,2,1,0.02187085519509856313,1,0.01806135425350150091,1,0.02330682933577512665,1,0.02360547788759614629,1,0.02177811953262940169,1,0.02431973177376286450,1,0.01991868678651807262,1,0.01363511346428368592,1,0.02219087531033788899,1,0.01898695958613362721,1,0.01623740695939323839,1,0.01998927536623723070,1,0.0210968762101459,1,0.0245182719440537,1,0.0243411032327065,1
Jammu & Kashmir,2016-17,2016,India,37,"Financial Year (Apr - Mar), 2016",LADAKH,274289,62009,212280,156756,40642,116114,117533,21367,96166,40247,9195,31052,2615,55650.3,58265.3125,0,0,0,0.000000000000000000000000,0.000000000000000000000000,0.000000000000000000000000,0.000000000000000000000000,0.000000000000000000000000,0.000000000000000000000000,0.000000000000000000000000,0.000000000000000000000000,0.000000000000000000000000,0.000000000000000000000000,0.000000000000000000000000,0.000000000000000000000000,2,1,0.02187085519509856313,1,0.01806135425350150091,1,0.02330682933577512665,1,0.02360547788759614629,1,0.02177811953262940169,1,0.02431973177376286450,1,0.01991868678651807262,1,0.01363511346428368592,1,0.02219087531033788899,1,0.01898695958613362721,1,0.01623740695939323839,1,0.01998927536623723070,1,0.0210968762101459,1,0.0245182719440537,1,0.0243411032327065,1
Jammu & Kashmir,2017-18,2017,India,37,"Financial Year (Apr - Mar), 2017",LADAKH,274289,62009,212280,156756,40642,116114,117533,21367,96166,40247,9195,31052,2615,55650.3,58265.3125,0,0,0,0.000000000000000000000000,0.000000000000000000000000,0.000000000000000000000000,0.000000000000000000000000,0.000000000000000000000000,0.000000000000000000000000,0.000000000000000000000000,0.000000000000000000000000,0.000000000000000000000000,0.000000000000000000000000,0.000000000000000000000000,0.000000000000000000000000,2,1,0.02187085519509856313,1,0.01806135425350150091,1,0.02330682933577512665,1,0.02360547788759614629,1,0.02177811953262940169,1,0.02431973177376286450,1,0.01991868678651807262,1,0.01363511346428368592,1,0.02219087531033788899,1,0.01898695958613362721,1,0.01623740695939323839,1,0.01998927536623723070,1,0.0210968762101459,1,0.0245182719440537,1,0.0243411032327065,1
Jammu & Kashmir,2018-19,2018,India,37,"Financial Year (Apr - Mar), 2018",LADAKH,274289,62009,212280,156756,40642,116114,117533,21367,96166,40247,9195,31052,2615,55650.3,58265.3125,0,0,0,0.000000000000000000000000,0.000000000000000000000000,0.000000000000000000000000,0.000000000000000000000000,0.000000000000000000000000,0.000000000000000000000000,0.000000000000000000000000,0.000000000000000000000000,0.000000000000000000000000,0.000000000000000000000000,0.000000000000000000000000,0.000000000000000000000000,2,1,0.02187085519509856313,1,0.01806135425350150091,1,0.02330682933577512665,1,0.02360547788759614629,1,0.02177811953262940169,1,0.02431973177376286450,1,0.01991868678651807262,1,0.01363511346428368592,1,0.02219087531033788899,1,0.01898695958613362721,1,0.01623740695939323839,1,0.01998927536623723070,1,0.0210968762101459,1,0.0245182719440537,1,0.0243411032327065,1
Jammu & Kashmir,2019-20,2019,India,37,"Financial Year (Apr - Mar), 2019",LADAKH,274289,62009,212280,156756,40642,116114,117533,21367,96166,40247,9195,31052,2615,55650.3,58265.3125,0,0,0,0.000000000000000000000000,0.000000000000000000000000,0.000000000000000000000000,0.000000000000000000000000,0.000000000000000000000000,0.000000000000000000000000,0.000000000000000000000000,0.000000000000000000000000,0.000000000000000000000000,0.000000000000000000000000,0.000000000000000000000000,0.000000000000000000000000,2,1,0.02187085519509856313,1,0.01806135425350150091,1,0.02330682933577512665,1,0.02360547788759614629,1,0.02177811953262940169,1,0.02431973177376286450,1,0.01991868678651807262,1,0.01363511346428368592,1,0.02219087531033788899,1,0.01898695958613362721,1,0.01623740695939323839,1,0.01998927536623723070,1,0.0210968762101459,1,0.0245182719440537,1,0.0243411032327065,1
Jammu and Kashmir,2020-21,2020,India,37,"Financial Year (Apr - Mar), 2020",LADAKH,274289,62009,212280,156756,40642,116114,117533,21367,96166,40247,9195,31052,2615,55650.3,58265.3125,0,0,0,0.000000000000000000000000,0.000000000000000000000000,0.000000000000000000000000,0.000000000000000000000000,0.000000000000000000000000,0.000000000000000000000000,0.000000000000000000000000,0.000000000000000000000000,0.000000000000000000000000,0.000000000000000000000000,0.000000000000000000000000,0.000000000000000000000000,2,1,0.02187085519509856313,1,0.01806135425350150091,1,0.02330682933577512665,1,0.02360547788759614629,1,0.02177811953262940169,1,0.02431973177376286450,1,0.01991868678651807262,1,0.01363511346428368592,1,0.02219087531033788899,1,0.01898695958613362721,1,0.01623740695939323839,1,0.01998927536623723070,1,0.0210968762101459,1,0.0245182719440537,1,0.0243411032327065,1
